batch_id,temperature,pressure,flow_rate,mixing_speed,material_purity,viscosity,humidity,cycle_time,quality_score
B001,174.84,51.71,99.88,1206.62,91.1,66.3,43.33,33.39,75.3
B002,179.75,52.18,88.87,1101.25,93.91,67.39,46.32,38.33,75.16
B003,182.57,53.29,103.22,1271.51,93.48,68.07,41.65,33.59,83.56
B004,169.12,46.7,106.46,1226.28,96.53,77.9,40.54,35.1,82.81
B005,175.07,46.89,75.96,1031.24,92.03,64.3,48.83,40.74,71.25
B006,175.42,50.74,83.38,1107.86,86.62,59.37,47.65,35.9,71.13
B007,207.36,67.62,94.77,1280.3,94.13,60.18,43.95,36.09,81.24
B008,202.54,61.11,89.82,1186.68,90.12,59.16,43.63,35.67,72.97
B009,168.67,44.27,100.35,1174.68,96.4,76.04,42.6,37.43,80.32
B010,168.86,46.5,91.04,1130.88,93.7,75.42,44.28,37.69,79.11
B011,166.65,44.89,105.49,1205.0,90.13,73.25,41.89,32.95,76.05
B012,175.79,49.79,101.24,1233.74,92.57,72.51,42.49,34.2,82.06
B013,182.56,53.39,96.55,1231.36,98.3,74.39,44.21,39.17,81.68
B014,195.22,61.16,107.57,1337.0,98.94,75.52,42.13,36.8,85.91
B015,174.33,48.64,99.13,1232.09,91.0,73.31,42.66,33.12,78.2
B016,170.27,47.77,88.64,1143.5,92.0,72.19,47.46,37.69,73.31
B017,160.1,40.19,102.94,1188.88,95.11,81.02,43.37,35.81,77.98
B018,176.01,47.96,84.73,1122.79,89.73,64.82,46.9,36.17,72.92
B019,170.66,48.66,103.57,1306.72,93.89,72.76,40.23,32.59,82.2
B020,173.16,47.14,92.08,1177.99,91.78,72.45,48.15,33.91,76.44
B021,170.56,47.24,95.27,1145.48,92.75,74.73,43.78,36.13,77.39
B022,178.08,50.11,87.89,1144.92,89.21,64.4,44.98,34.88,74.38
B023,165.08,44.85,99.73,1274.87,85.7,64.31,40.87,28.94,73.6
B024,160.89,45.5,89.03,1138.88,83.71,62.76,44.95,31.27,70.75
B025,203.4,62.02,88.88,1194.03,87.24,53.86,42.84,33.42,72.3
B026,162.54,46.62,90.59,1182.32,89.82,73.32,47.15,35.39,77.6
B027,170.02,46.87,103.1,1227.03,89.93,73.13,42.13,33.13,76.82
B028,206.14,61.37,101.55,1264.17,98.93,67.03,40.83,37.73,82.02
B029,215.18,68.97,99.9,1328.09,96.53,60.91,44.82,37.47,79.97
B030,166.38,45.21,91.28,1207.3,87.2,69.98,43.75,32.38,76.08
B031,182.63,53.78,110.59,1378.48,93.24,68.91,34.87,29.98,84.84
B032,182.39,53.46,90.28,1183.21,90.38,64.42,48.5,34.58,74.12
B033,201.11,61.05,88.62,1171.28,91.31,59.21,46.83,34.92,74.21
B034,161.21,44.04,92.31,1109.14,92.64,72.92,46.59,38.86,73.51
B035,177.25,53.19,100.75,1287.57,92.86,69.42,44.89,33.59,80.22
B036,191.15,60.15,106.57,1330.36,89.68,62.32,40.67,30.43,79.6
B037,180.23,55.86,96.37,1193.09,95.75,70.87,44.31,37.1,81.63
B038,171.04,48.72,86.09,1104.84,88.93,63.76,45.5,35.34,71.04
B039,174.09,51.09,88.19,1114.24,90.03,67.79,47.69,36.6,71.98
B040,165.05,43.61,105.41,1219.1,101.4,86.51,42.78,37.35,82.85
B041,181.6,51.94,105.69,1253.38,93.85,70.13,41.65,34.28,79.01
B042,177.94,50.69,96.41,1260.55,96.88,77.03,40.84,35.27,81.64
B043,178.73,51.96,84.86,1111.24,92.82,66.96,46.36,35.9,75.69
B044,173.92,48.77,96.66,1224.25,93.4,72.79,43.13,36.09,77.83
B045,188.11,54.65,95.86,1214.7,91.69,65.73,41.23,34.97,76.86
B046,190.86,60.31,98.13,1252.54,89.94,59.71,40.65,33.6,75.89
B047,182.66,54.57,101.6,1259.77,87.16,64.12,42.23,29.97,77.22
B048,186.01,54.92,96.69,1255.49,94.35,68.57,38.6,34.51,82.21
B049,182.23,53.51,101.28,1287.34,88.13,63.56,42.2,31.61,78.48
B050,181.5,52.24,99.45,1225.28,93.92,72.77,42.92,36.87,80.15
B051,172.18,48.67,99.94,1177.69,94.55,73.74,45.43,35.21,79.93
B052,187.1,55.67,103.19,1281.31,92.01,65.45,41.09,33.79,79.9
B053,172.39,49.66,83.45,1074.52,90.84,67.42,49.85,39.13,72.75
B054,204.13,64.79,91.95,1191.45,92.93,60.84,44.31,34.76,76.6
B055,197.05,59.99,92.36,1196.51,91.26,59.63,45.71,36.62,72.42
B056,180.28,53.42,92.04,1159.44,95.68,70.25,47.37,37.43,78.12
B057,166.89,45.82,89.14,1167.28,85.88,63.27,44.05,32.92,68.13
B058,172.51,49.07,109.97,1310.28,91.04,72.73,41.01,30.44,80.62
B059,190.99,57.77,77.96,1157.68,86.45,53.41,44.98,34.91,69.79
B060,184.01,56.61,96.21,1323.19,85.81,58.95,41.43,30.19,75.88
B061,180.52,51.19,81.3,1085.07,96.72,69.5,51.05,40.13,78.44
B062,160.32,42.73,93.2,1068.9,96.15,81.48,46.26,36.83,76.09
B063,187.06,58.05,94.23,1231.48,90.62,62.06,46.93,33.43,75.49
B064,184.22,57.23,92.92,1260.83,85.46,59.41,40.75,30.65,74.95
B065,166.96,47.8,92.3,1201.21,81.34,56.85,39.24,28.35,70.64
B066,179.64,50.73,98.11,1261.5,91.32,68.42,39.67,32.49,78.69
B067,182.68,53.09,103.19,1200.18,100.93,80.21,46.3,40.58,83.52
B068,180.78,47.75,96.68,1137.97,93.7,72.28,46.38,36.86,78.89
B069,176.79,52.74,99.72,1276.64,89.85,65.2,41.44,30.17,80.81
B070,175.95,46.63,93.49,1161.88,93.28,70.45,42.59,35.96,78.76
B071,174.04,45.74,78.8,1065.45,86.8,62.45,49.46,36.25,70.32
B072,178.55,50.89,80.57,1131.37,90.73,65.91,45.42,36.8,72.54
B073,196.0,58.64,87.55,1143.19,92.31,60.2,49.03,38.25,74.48
B074,150.32,37.58,96.31,1189.82,91.77,79.74,47.55,34.19,74.51
B075,178.14,50.16,97.51,1169.47,94.16,73.89,44.2,36.05,81.85
B076,184.51,56.13,97.21,1303.8,93.69,69.06,42.84,31.2,84.24
B077,183.83,52.11,91.01,1181.0,96.96,70.34,44.48,36.31,78.57
B078,177.63,52.99,95.26,1201.32,87.99,65.84,40.23,34.89,72.92
B079,157.56,43.71,102.72,1223.9,95.43,82.61,40.91,34.34,79.79
B080,178.51,53.61,96.83,1152.16,97.02,73.32,43.02,37.05,83.19
B081,204.1,64.45,93.41,1307.94,89.12,54.5,39.93,33.06,75.87
B082,161.98,42.26,90.07,1095.6,88.93,70.48,49.22,35.35,71.55
B083,187.24,54.75,92.77,1184.84,97.36,72.11,45.65,39.17,81.17
B084,171.19,49.22,93.15,1147.6,92.39,66.28,45.9,35.97,76.68
B085,175.87,48.99,88.21,1079.23,97.09,73.33,47.27,41.1,80.02
B086,170.69,45.64,94.57,1231.4,91.47,67.47,42.13,33.17,78.63
B087,178.17,48.82,93.36,1154.51,94.98,76.83,47.24,39.35,81.92
B088,196.67,58.29,96.28,1246.66,93.89,61.13,43.9,37.01,77.65
B089,187.69,57.37,100.89,1257.66,93.24,66.09,43.42,34.87,80.87
B090,200.34,62.55,101.35,1293.76,98.45,69.02,42.22,35.15,81.53
B091,196.15,59.6,103.43,1280.94,89.64,59.93,41.25,32.88,76.66
B092,184.38,54.07,94.85,1246.71,87.96,61.67,41.78,34.59,77.23
B093,197.63,60.93,90.07,1174.14,90.56,57.46,41.79,36.38,74.07
B094,189.13,54.98,97.14,1229.02,93.57,69.29,43.78,35.65,79.76
B095,188.44,51.64,83.2,1096.2,86.77,57.16,49.5,37.99,67.42
B096,174.37,45.94,89.6,1045.3,95.21,71.48,46.32,40.88,74.41
B097,174.99,50.78,80.27,1127.21,88.53,64.75,48.17,39.85,71.92
B098,170.35,45.48,87.0,1112.72,96.89,78.44,47.29,39.14,79.54
B099,194.35,56.62,97.12,1280.14,83.63,52.17,38.84,29.4,72.61
B100,164.03,44.06,83.54,1089.61,89.06,67.27,45.25,35.95,69.07
B101,190.75,56.03,85.3,1181.18,84.77,57.03,45.94,32.8,70.44
B102,182.88,51.97,102.53,1307.98,89.56,63.1,40.54,29.25,82.24
B103,194.47,57.93,93.7,1205.03,90.69,66.09,43.06,34.21,75.7
B104,192.5,58.64,100.29,1313.17,91.96,65.26,41.93,32.28,76.31
B105,199.73,60.41,85.4,1165.12,89.77,58.98,48.83,37.48,74.5
B106,184.59,56.33,91.35,1181.55,91.49,64.15,46.06,34.91,76.88
B107,158.45,39.58,86.03,1091.69,92.6,75.78,46.87,39.55,73.56
B108,177.07,51.28,88.07,1186.24,89.52,64.28,44.24,34.25,73.72
B109,165.9,47.04,108.84,1259.42,94.31,76.25,40.18,34.88,83.0
B110,171.96,44.77,83.25,1046.49,93.69,74.0,50.37,41.17,72.73
B111,202.9,62.31,101.46,1271.46,92.89,64.43,42.96,35.1,80.26
B112,191.08,57.8,96.79,1218.75,95.09,67.07,44.37,35.5,80.45
B113,170.34,49.0,90.37,1111.69,93.52,71.7,46.14,38.26,76.53
B114,166.2,44.82,85.72,1011.8,98.78,80.95,50.1,42.55,77.92
B115,180.63,52.21,88.77,1212.05,91.48,65.82,43.94,35.05,77.62
B116,164.22,44.57,86.7,1120.26,89.51,69.2,47.11,36.25,75.13
B117,170.46,49.74,90.83,1195.36,89.71,68.35,44.82,32.84,74.38
B118,184.6,53.91,87.49,1150.65,86.8,64.15,42.48,33.51,72.23
B119,198.79,62.04,102.34,1348.1,88.32,58.72,35.62,30.19,79.63
B120,183.98,55.81,94.62,1216.09,89.0,58.38,47.54,33.94,74.63
B121,149.33,37.08,86.56,1037.31,93.9,79.04,47.74,38.08,72.84
B122,184.03,53.19,100.33,1230.96,92.18,70.43,40.34,36.07,79.96
B123,185.12,52.38,97.89,1193.79,92.09,67.25,42.01,35.38,78.42
B124,190.83,58.03,106.3,1361.45,90.94,62.46,41.04,29.9,80.97
B125,201.92,62.73,101.23,1312.68,96.22,62.22,40.82,32.29,81.45
B126,156.81,41.85,100.64,1186.34,93.96,81.38,41.94,35.67,78.02
B127,177.39,52.77,108.21,1363.44,91.64,68.27,41.84,28.86,80.76
B128,183.12,52.18,82.74,1138.11,89.72,62.38,45.92,38.39,74.92
B129,156.94,42.8,92.38,1096.75,94.17,75.52,44.61,37.86,73.23
B130,194.63,58.53,89.38,1141.64,92.03,63.11,47.35,38.71,74.4
B131,181.76,51.69,87.61,1167.62,86.85,60.64,45.95,32.91,69.6
B132,183.53,55.36,81.04,1107.46,90.32,62.68,49.3,37.5,71.88
B133,176.08,49.66,97.64,1240.79,93.04,70.17,43.61,33.88,79.25
B134,189.88,54.0,91.64,1192.44,89.26,56.61,45.07,34.07,70.67
B135,184.84,53.39,84.43,1123.68,92.46,63.74,49.59,39.05,73.01
B136,179.5,49.82,81.98,1112.14,85.45,58.81,46.78,35.44,69.59
B137,185.74,54.04,100.25,1280.07,97.57,71.3,43.11,38.61,79.5
B138,187.88,55.0,105.63,1284.0,96.7,73.7,41.51,35.44,85.17
B139,177.68,51.24,112.01,1393.83,90.46,69.95,38.0,29.82,84.6
B140,187.05,58.34,122.92,1465.71,93.02,68.87,36.07,28.13,90.15
B141,177.72,52.48,96.69,1252.74,82.21,55.8,43.67,30.93,72.49
B142,179.46,52.31,82.27,1106.03,87.03,62.1,47.25,35.65,71.01
B143,186.29,53.3,81.57,1016.04,90.49,62.94,49.37,38.83,71.26
B144,168.86,47.51,93.67,1206.82,89.35,67.21,43.27,32.28,77.26
B145,178.64,46.99,92.54,1143.48,93.92,73.06,46.55,39.14,78.89
B146,198.73,58.8,95.84,1200.46,99.57,69.58,45.68,38.78,79.2
B147,168.98,43.95,86.72,1100.59,87.4,65.51,49.93,34.57,71.57
B148,167.22,47.21,87.68,1139.57,89.29,67.73,43.51,33.42,75.01
B149,184.99,55.45,103.57,1272.45,92.7,67.56,41.35,33.62,78.99
B150,191.04,58.24,95.58,1199.89,98.42,72.91,45.42,37.9,82.66
B151,179.26,53.14,93.7,1188.2,87.24,60.67,44.68,33.89,77.32
B152,191.68,57.27,91.0,1162.52,91.46,64.03,51.52,38.82,74.01
B153,185.76,52.43,83.25,1070.43,97.13,74.08,48.68,42.76,78.86
B154,187.64,56.14,88.56,1132.07,85.74,51.58,46.14,33.71,70.89
B155,185.23,54.3,90.19,1205.2,86.39,60.89,42.73,32.02,73.4
B156,213.86,68.69,106.73,1414.05,90.89,50.84,37.71,27.58,80.35
B157,177.12,52.34,96.94,1248.52,89.76,65.4,44.03,33.87,75.34
B158,159.39,42.47,104.39,1209.22,96.98,82.62,42.38,33.89,79.78
B159,198.3,60.69,95.84,1187.36,91.28,61.51,46.17,37.78,76.72
B160,168.67,47.69,80.76,1116.03,85.97,58.99,50.06,36.56,70.47
B161,177.44,49.32,90.81,1124.84,92.79,68.45,46.92,39.83,74.61
B162,196.41,58.78,88.29,1178.73,89.53,60.76,45.72,35.25,73.93
B163,164.83,48.71,116.57,1353.8,96.59,78.7,42.06,30.93,85.77
B164,158.28,43.43,86.06,1101.38,87.71,72.19,47.34,36.62,72.15
B165,159.58,44.12,100.31,1250.98,89.98,71.94,40.02,33.6,77.83
B166,167.82,44.61,88.57,1082.69,95.61,72.49,45.64,39.63,77.65
B167,188.13,55.82,101.89,1312.39,94.26,68.96,39.32,34.58,82.85
B168,187.21,56.38,100.63,1220.29,93.8,66.36,44.45,34.37,81.82
B169,185.27,52.03,92.0,1199.38,87.02,59.63,43.85,31.87,73.11
B170,157.58,44.67,97.23,1164.59,93.74,78.15,44.36,36.66,78.58
B171,151.11,36.36,91.54,1070.99,87.86,70.65,45.98,34.19,68.89
B172,185.11,53.04,102.66,1241.05,90.78,68.33,43.89,33.96,82.73
B173,170.72,48.54,87.58,1134.81,87.59,61.71,43.93,33.76,72.95
B174,181.08,54.76,87.02,1079.75,93.46,70.1,45.99,40.46,76.09
B175,183.08,51.4,81.6,1095.46,88.27,58.78,48.49,36.92,68.18
B176,180.39,54.91,93.87,1196.91,87.62,63.37,44.53,30.38,73.41
B177,193.21,59.83,107.56,1367.58,93.97,68.1,39.55,32.2,85.83
B178,186.09,54.11,100.81,1197.13,92.37,66.43,42.03,34.4,79.44
B179,189.68,54.8,93.73,1216.81,90.4,61.53,45.6,34.32,72.33
B180,171.73,49.29,99.64,1184.48,95.87,77.22,41.75,36.6,83.67
B181,185.57,53.7,107.55,1301.72,91.4,64.69,38.88,30.38,80.16
B182,183.09,55.31,91.39,1212.17,90.85,67.42,41.6,35.07,80.65
B183,192.12,55.06,87.22,1210.03,92.34,63.81,47.66,35.38,75.95
B184,178.41,53.63,104.6,1296.33,91.56,63.4,41.6,30.44,79.78
B185,187.8,55.04,99.52,1247.38,94.66,67.44,43.72,35.15,81.89
B186,182.15,53.84,106.85,1341.55,90.22,63.82,41.33,29.3,79.46
B187,185.5,50.47,92.33,1171.41,89.71,65.34,48.48,32.5,75.03
B188,187.98,54.41,87.87,1109.67,96.29,69.72,44.84,41.28,76.95
B189,150.56,39.76,86.98,1066.99,88.42,70.46,47.05,37.96,69.72
B190,171.33,48.41,105.44,1318.82,83.59,64.77,37.61,26.24,73.02
B191,166.66,47.4,112.44,1319.43,97.56,82.81,36.95,31.34,83.94
B192,150.48,37.43,97.56,1136.47,100.89,91.62,42.63,40.4,83.31
B193,172.53,47.15,90.14,1166.47,90.39,66.36,44.69,34.06,73.94
B194,193.44,57.43,97.49,1310.32,83.92,53.96,37.13,27.86,75.71
B195,173.82,46.9,86.17,1059.6,90.45,68.05,48.15,36.86,70.31
B196,179.72,51.39,89.38,1128.63,91.82,64.14,46.96,36.09,73.22
B197,195.67,60.99,95.83,1270.83,90.1,63.51,42.81,32.52,77.87
B198,195.6,61.81,87.96,1223.92,87.93,54.65,46.18,34.07,73.25
B199,175.28,50.9,93.22,1191.51,93.29,70.78,45.1,35.48,78.12
B200,197.09,60.81,92.33,1180.44,93.94,63.65,43.85,36.82,79.92
B201,180.15,53.54,94.85,1207.32,86.42,60.36,46.74,31.16,73.19
B202,171.29,50.31,102.45,1250.74,95.78,74.3,39.92,33.03,82.62
B203,173.02,49.45,101.37,1188.61,99.64,80.53,40.36,38.46,86.17
B204,164.33,45.35,102.38,1217.17,91.42,75.17,40.14,32.93,79.08
B205,161.8,42.74,77.3,984.79,91.42,69.21,47.43,39.47,69.11
B206,177.22,49.43,88.12,1208.24,90.81,69.63,44.19,33.58,76.65
B207,184.43,52.89,86.99,1168.17,93.63,67.82,46.48,38.64,78.05
B208,196.18,56.93,84.87,1129.92,86.23,51.47,47.06,35.19,69.51
B209,159.61,43.25,81.36,1043.72,92.13,74.4,50.43,35.84,72.27
B210,183.62,53.09,90.68,1192.1,91.44,65.47,46.06,34.84,75.32
B211,170.82,47.58,103.07,1267.52,97.77,81.57,42.38,34.86,84.75
B212,179.7,51.7,86.05,1098.68,90.83,64.53,46.57,39.68,71.34
B213,179.97,52.3,96.89,1219.11,97.25,77.09,42.1,36.39,82.69
B214,156.7,41.08,89.93,1087.36,87.63,73.27,45.62,33.33,71.05
B215,186.37,55.6,94.97,1233.89,95.04,64.75,45.36,37.8,79.36
B216,171.83,52.35,108.25,1255.93,93.68,73.47,37.45,33.82,83.68
B217,175.18,52.14,97.06,1250.07,90.5,63.22,41.95,31.42,76.44
B218,170.73,49.65,106.99,1259.88,94.66,74.03,39.75,31.05,81.52
B219,171.48,49.23,92.48,1151.13,95.32,79.37,44.11,37.99,81.03
B220,182.99,54.31,91.76,1178.39,90.93,65.19,44.76,34.54,73.66
