customer_id,age,annual_income,purchase_frequency,average_order_value,online_purchase_ratio,discount_usage_rate,days_since_last_purchase,preferred_category
D001,34,64000,5.9,199.49,62.4,14.2,25,Electronics
D002,37,72300,2.3,122.98,66.9,37.5,32,Electronics
D003,43,67800,2.8,126.01,37.8,44.1,43,Home_Living
D004,20,49200,5.6,62.9,48.8,82.4,25,Fashion
D005,40,64300,2.3,106.55,65.2,15.6,32,Home_Living
D006,34,54900,7.0,150.88,97.3,48.7,22,Electronics
D007,36,85400,11.8,175.16,100.0,15.5,19,Electronics
D008,27,54100,7.4,23.54,88.3,100.0,15,Fashion
D009,21,46700,11.8,78.14,69.2,59.6,18,Fashion
D010,18,64800,8.8,55.2,59.7,55.5,16,Fashion
D011,38,72300,8.5,124.34,73.4,85.3,7,Fashion
D012,28,77800,6.3,142.1,5.0,48.6,7,Home_Living
D013,26,73900,8.2,68.08,97.7,62.8,18,Fashion
D014,48,84800,4.5,169.19,59.6,28.7,19,Home_Living
D015,35,101600,7.1,153.59,81.0,45.5,9,Electronics
D016,28,67600,7.1,87.92,85.1,16.1,1,Electronics
D017,46,56600,3.4,170.8,78.0,18.3,7,Electronics
D018,43,68200,6.0,154.32,39.4,37.0,12,Home_Living
D019,36,36600,11.3,71.13,52.4,46.7,9,Fashion
D020,25,66100,5.9,110.81,90.7,37.7,38,Electronics
D021,29,66000,9.9,122.58,61.0,62.6,27,Fashion
D022,39,70000,5.7,168.57,44.3,14.4,33,Home_Living
D023,52,88200,4.7,140.58,50.8,26.0,29,Home_Living
D024,24,72400,8.7,169.28,75.1,11.6,16,Electronics
D025,36,100300,6.2,144.91,66.5,29.4,17,Electronics
D026,53,96900,3.4,113.6,26.2,35.2,36,Home_Living
D027,30,54800,6.9,68.71,83.4,55.2,6,Fashion
D028,43,104300,3.2,154.14,83.8,29.5,28,Electronics
D029,55,51800,6.2,103.04,66.3,43.6,18,Home_Living
D030,57,46900,4.3,155.49,41.8,29.3,9,Home_Living
D031,23,42500,11.9,63.31,82.2,31.4,17,Fashion
D032,45,69700,5.8,146.38,75.3,16.1,8,Electronics
D033,50,64900,6.9,152.6,62.4,52.7,23,Home_Living
D034,49,89700,3.7,130.58,18.3,87.4,23,Home_Living
D035,24,61500,7.3,53.08,65.3,28.5,9,Fashion
D036,23,64600,3.8,145.51,70.8,44.8,26,Electronics
D037,26,86500,6.6,100.24,52.2,52.6,19,Fashion
D038,22,75600,11.1,103.54,92.8,31.1,19,Fashion
D039,26,58600,6.0,78.57,50.4,37.9,11,Fashion
D040,43,59900,3.4,156.68,84.3,43.0,14,Electronics
D041,39,100800,2.9,84.21,36.7,63.4,35,Electronics
D042,24,66300,9.9,160.12,85.1,31.2,20,Electronics
D043,34,64600,1.8,101.55,13.0,22.9,1,Home_Living
D044,26,36800,10.1,72.69,72.8,34.5,3,Fashion
D045,41,80500,0.5,169.16,59.7,31.2,34,Home_Living
D046,58,58800,5.9,173.11,34.8,36.4,25,Home_Living
D047,27,57000,10.1,105.68,99.4,40.1,14,Fashion
D048,38,109500,6.2,152.25,70.3,26.0,13,Electronics
D049,62,67000,6.2,104.23,48.0,66.7,56,Home_Living
D050,27,70100,11.5,65.93,56.7,57.3,23,Fashion
D051,53,71300,5.1,133.82,24.7,36.2,2,Home_Living
D052,52,64800,3.6,108.06,41.8,64.1,23,Home_Living
D053,43,76200,8.8,145.01,94.2,47.2,8,Electronics
D054,52,63800,2.1,154.87,52.5,36.8,37,Home_Living
D055,40,81500,8.8,160.12,81.1,43.0,16,Electronics
D056,37,69100,10.8,86.78,77.0,42.9,8,Fashion
D057,42,55300,5.9,149.69,30.4,62.5,40,Home_Living
D058,30,46800,6.9,47.05,84.8,50.4,11,Fashion
D059,41,74900,5.5,141.05,27.3,56.2,18,Home_Living
D060,21,67600,7.2,149.2,70.9,15.2,5,Electronics
D061,44,80400,6.4,146.98,50.4,37.4,31,Home_Living
D062,37,49000,6.8,75.32,57.8,72.4,17,Fashion
D063,35,46100,12.1,120.04,88.9,90.2,7,Fashion
D064,19,78400,6.3,64.63,66.5,84.9,13,Fashion
D065,42,98300,6.2,124.06,64.5,34.7,43,Electronics
D066,42,89200,5.9,142.95,72.5,45.2,2,Home_Living
D067,32,106300,11.0,138.9,90.5,29.9,32,Electronics
D068,28,66500,5.9,120.58,100.0,100.0,16,Fashion
D069,30,55700,7.1,85.41,76.5,62.4,24,Fashion
D070,48,53600,6.6,156.72,45.0,40.6,10,Home_Living
D071,47,97000,7.1,142.91,100.0,18.5,13,Electronics
D072,39,72100,6.9,191.03,82.1,40.7,23,Electronics
D073,32,101300,6.1,134.33,84.3,26.8,21,Electronics
D074,23,69500,5.1,94.04,59.6,28.2,25,Fashion
D075,23,82000,11.4,99.16,75.3,32.2,15,Electronics
D076,39,69300,11.2,188.52,80.5,51.1,13,Electronics
D077,27,54800,7.4,93.74,91.6,68.0,26,Fashion
D078,43,79600,2.7,78.78,9.7,16.0,49,Home_Living
D079,29,58500,7.5,105.78,16.7,58.9,13,Fashion
D080,35,47800,9.6,188.37,88.0,9.9,11,Electronics
D081,18,55100,7.6,133.69,69.8,46.0,5,Fashion
D082,46,61200,4.6,84.06,39.9,59.7,57,Home_Living
D083,26,57500,3.8,112.07,80.3,44.2,5,Electronics
D084,39,97100,8.6,134.11,39.3,70.5,39,Home_Living
D085,30,54400,7.0,65.28,49.3,54.1,22,Fashion
D086,30,54400,7.6,76.79,51.9,62.7,34,Fashion
D087,29,53400,7.3,161.76,65.6,44.5,29,Electronics
D088,51,44600,3.4,135.09,22.7,37.7,29,Home_Living
D089,29,57400,5.6,90.07,82.1,43.0,33,Electronics
D090,25,55000,4.2,138.43,76.3,25.1,10,Electronics
D091,35,77400,0.7,88.14,49.0,46.9,54,Home_Living
D092,41,48200,3.0,121.42,38.3,28.5,51,Home_Living
D093,37,74500,5.7,157.5,69.2,21.1,1,Electronics
D094,41,111100,4.8,179.56,83.8,24.4,23,Electronics
D095,45,54500,3.7,182.4,51.6,27.6,34,Home_Living
D096,40,59700,8.7,78.66,79.9,53.2,13,Fashion
D097,26,54000,13.5,89.22,69.6,80.2,19,Fashion
D098,23,59200,10.8,86.81,88.6,55.7,48,Fashion
D099,38,60100,8.6,151.6,100.0,16.2,25,Electronics
D100,26,51400,12.3,73.58,90.7,74.9,6,Fashion
D101,38,64200,5.3,127.15,79.9,100.0,17,Fashion
D102,58,84300,6.1,117.68,14.9,51.2,1,Home_Living
D103,46,94500,6.1,219.09,26.3,51.6,32,Home_Living
D104,38,54600,6.8,182.51,66.1,33.5,45,Home_Living
D105,48,70400,4.1,87.26,100.0,31.1,14,Electronics
D106,31,92900,10.0,69.08,61.3,59.3,13,Fashion
D107,40,88900,4.7,96.61,42.1,77.0,13,Home_Living
D108,28,78800,8.8,159.37,69.6,44.3,54,Home_Living
D109,36,75500,6.5,124.02,63.3,36.0,22,Fashion
D110,32,59300,7.3,76.72,54.8,58.9,26,Fashion
D111,35,31200,10.2,164.57,87.0,15.8,16,Electronics
D112,36,39700,10.0,156.44,83.7,32.4,1,Electronics
D113,47,69500,5.3,121.13,33.4,21.3,28,Home_Living
D114,59,84500,5.6,138.5,59.9,45.3,26,Home_Living
D115,33,81400,7.6,76.83,61.1,66.0,3,Fashion
D116,40,92200,4.7,100.09,69.7,20.6,29,Home_Living
D117,28,79800,9.3,100.4,63.6,54.6,6,Fashion
D118,23,66200,2.1,106.56,38.9,55.6,15,Home_Living
D119,42,44000,6.4,50.54,82.5,49.1,22,Fashion
D120,43,95500,4.6,65.34,100.0,26.7,41,Electronics
D121,43,92200,7.6,122.47,88.5,24.0,9,Electronics
D122,45,69600,5.3,134.99,36.1,21.4,12,Home_Living
D123,35,63600,5.7,101.59,76.9,42.1,14,Electronics
D124,39,29000,1.3,120.19,89.2,36.8,41,Home_Living
D125,46,106300,12.3,74.93,96.1,17.7,22,Electronics
D126,24,39800,5.1,179.81,70.5,30.2,17,Electronics
D127,28,70700,7.3,87.3,57.1,72.9,13,Fashion
D128,27,73500,6.9,71.1,80.7,86.3,1,Fashion
D129,45,96100,9.1,129.78,94.9,22.8,29,Electronics
D130,29,84400,7.8,176.94,84.4,48.3,9,Electronics
D131,26,94700,7.6,115.08,80.5,100.0,1,Fashion
D132,44,53400,9.3,77.33,62.1,61.5,33,Fashion
D133,36,57300,6.0,79.73,85.3,47.9,13,Fashion
D134,52,48100,1.1,164.66,33.9,26.9,46,Home_Living
D135,54,89300,3.6,188.97,65.0,15.7,13,Home_Living
D136,25,38300,10.5,110.11,72.3,42.6,9,Fashion
D137,37,83100,7.9,179.43,69.6,22.3,4,Electronics
D138,39,78900,7.7,80.12,83.1,50.5,22,Electronics
D139,32,78500,5.9,85.53,64.4,33.1,20,Electronics
D140,36,82000,3.4,196.87,26.7,64.3,44,Home_Living
D141,27,79500,7.2,107.66,5.0,15.3,21,Home_Living
D142,26,61900,10.6,109.5,78.7,37.9,28,Electronics
D143,23,48100,12.8,83.23,82.5,54.2,26,Fashion
D144,45,54300,3.6,138.12,37.1,32.4,51,Home_Living
D145,59,90400,5.4,158.73,27.2,44.3,60,Home_Living
D146,34,89000,5.8,186.93,52.5,18.9,34,Home_Living
D147,36,44700,0.5,95.47,29.1,28.8,19,Home_Living
D148,23,50500,8.1,94.71,79.6,41.7,20,Fashion
D149,35,97400,6.0,186.82,97.0,42.0,21,Electronics
D150,27,70700,8.9,52.97,98.3,46.1,10,Fashion
D151,26,71400,4.5,157.22,79.6,5.8,9,Electronics
D152,34,62500,6.0,145.34,75.7,16.7,19,Home_Living
D153,32,62600,7.3,129.75,66.6,19.9,22,Electronics
D154,40,81700,5.8,135.02,87.1,32.9,17,Electronics
D155,31,61300,9.4,73.14,58.9,16.3,21,Fashion
D156,29,77700,5.8,81.23,84.1,62.9,27,Electronics
D157,51,50900,6.8,179.26,79.6,17.0,44,Electronics
D158,38,38300,7.3,116.78,56.8,45.0,47,Home_Living
D159,58,77900,4.0,101.03,96.2,43.2,45,Home_Living
D160,34,108300,6.3,180.46,69.9,42.2,4,Electronics
D161,57,40500,3.7,78.1,67.4,68.8,8,Home_Living
D162,42,53600,4.1,95.02,51.2,84.9,28,Home_Living
D163,27,65000,7.8,175.58,77.5,23.3,15,Electronics
D164,43,87000,7.8,133.61,59.5,38.4,47,Electronics
D165,44,75600,4.3,102.46,72.5,79.8,64,Home_Living
D166,55,74300,2.3,121.12,56.0,21.3,58,Home_Living
D167,57,87800,5.7,151.07,34.5,25.8,1,Home_Living
D168,29,35600,8.6,102.86,57.9,48.3,8,Fashion
D169,25,37400,9.1,78.59,61.4,45.2,11,Fashion
D170,27,60100,10.9,82.38,88.5,51.7,26,Fashion
D171,35,41500,5.0,100.97,54.4,36.9,25,Fashion
D172,27,61600,8.4,52.53,74.9,54.4,1,Fashion
D173,45,45000,6.5,111.55,13.8,48.7,52,Home_Living
D174,51,65900,3.7,93.38,26.4,18.5,26,Home_Living
D175,41,65500,9.7,183.96,76.0,36.6,23,Electronics
D176,25,71500,9.0,66.46,85.5,41.2,8,Fashion
D177,26,64100,7.1,54.93,95.0,97.3,24,Fashion
D178,36,82700,6.9,194.11,89.1,32.0,10,Electronics
D179,32,53400,11.0,36.69,78.5,98.9,4,Fashion
D180,26,52800,10.7,88.37,86.8,61.1,18,Fashion
